id,first_name,last_name,email,gender,birth_day
1,Jerrie,Sisnett,jsisnett0@arstechnica.com,Female,2017-05-15
2,Skipp,Southerton,ssoutherton1@homestead.com,Male,2017-10-24
3,Imogene,Haddon,ihaddon2@rambler.ru,Female,2017-09-02
4,Hall,Kubicek,hkubicek3@behance.net,Male,2017-10-09
5,Clementine,Di Biasio,cdibiasio4@dmoz.org,Female,2017-11-26
6,Kin,McCrachen,kmccrachen5@cnet.com,Male,2017-11-09
7,Ginger,Swayne,gswayne6@sitemeter.com,Male,2017-05-28
8,Ardine,Piddlehinton,apiddlehinton7@ameblo.jp,Female,2017-09-04
9,Teri,Cressor,tcressor8@etsy.com,Female,2017-08-27
10,Quent,Mohan,qmohan9@hibu.com,Male,2017-09-24
11,Mildrid,Sharram,msharrama@paypal.com,Female,2017-08-26
12,Guillema,Di Roberto,gdirobertob@scientificamerican.com,Female,2017-04-25
13,Aida,Hallward,ahallwardc@webeden.co.uk,Female,2017-11-06
14,Siana,Mellhuish,smellhuishd@geocities.jp,Female,2017-11-11
15,Darrick,Libby,dlibbye@techcrunch.com,Male,2017-04-24
16,Jeff,Goatcher,jgoatcherf@nih.gov,Male,2017-08-12
17,Sheila-kathryn,O'Moylane,somoylaneg@altervista.org,Female,2017-11-05
18,Manolo,Vlasov,mvlasovh@constantcontact.com,Male,2017-12-08
19,West,Shorton,wshortoni@studiopress.com,Male,2017-06-03
20,Giacinta,Halley,ghalleyj@ebay.com,Female,2017-06-24
21,Morgan,Stut,mstutk@engadget.com,Female,2017-05-09
22,Julissa,Walley,jwalleyl@twitter.com,Female,2017-12-05
23,Caressa,Yell,cyellm@tinypic.com,Female,2017-09-08
24,Cicily,Harvatt,charvattn@newsvine.com,Female,2017-11-12
25,Ericha,Ricco,ericcoo@fema.gov,Female,2018-01-08
26,Craggie,Alejandre,calejandrep@moonfruit.com,Male,2017-08-21
27,Herve,Heinel,hheinelq@plala.or.jp,Male,2017-08-01
28,Raven,Towsie,rtowsier@marriott.com,Female,2018-02-18
29,Charlotta,Di Batista,cdibatistas@java.com,Female,2017-09-15
30,Doyle,Pyser,dpysert@zimbio.com,Male,2017-12-25
31,Karoly,Pieterick,kpietericku@rakuten.co.jp,Male,2017-07-06
32,Fanya,Maskrey,fmaskreyv@ifeng.com,Female,2018-02-15
33,Brittni,Stephen,bstephenw@google.com.br,Female,2017-11-04
34,Jedd,Bellinger,jbellingerx@google.com.hk,Male,2017-11-04
35,Porty,Ible,pibley@cocolog-nifty.com,Male,2017-05-07
36,Dru,Havvock,dhavvockz@state.gov,Male,2017-05-09
37,Florencia,Jouanet,fjouanet10@typepad.com,Female,2018-02-11
38,Maurizio,Ullyatt,mullyatt11@scientificamerican.com,Male,2017-09-29
39,Cassandra,Dawley,cdawley12@icq.com,Female,2017-06-11
40,Diandra,Prestidge,dprestidge13@fotki.com,Female,2017-07-22
41,Ophelie,McNuff,omcnuff14@blog.com,Female,2017-12-26
42,Gill,Sexon,gsexon15@amazon.co.uk,Male,2017-09-19
43,Andre,Postan,apostan16@npr.org,Male,2017-10-29
44,Darrel,Stanlick,dstanlick17@abc.net.au,Male,2017-06-27
45,Tore,Tubb,ttubb18@123-reg.co.uk,Male,2017-07-28
46,Zach,Braksper,zbraksper19@amazon.co.uk,Male,2017-09-18
47,Bibi,Gaitskill,bgaitskill1a@answers.com,Female,2018-01-06
48,Kippie,Showers,kshowers1b@nhs.uk,Female,2017-10-22
49,Silvanus,Geffen,sgeffen1c@google.co.uk,Male,2017-11-07
50,Broderick,Nutbean,bnutbean1d@disqus.com,Male,2017-12-29
51,Jada,Lammerts,jlammerts1e@geocities.com,Female,2018-03-03
52,Roland,Rolley,rrolley1f@merriam-webster.com,Male,2017-10-27
53,Ivie,Winson,iwinson1g@scientificamerican.com,Female,2018-01-26
54,Brod,Tomsett,btomsett1h@slashdot.org,Male,2017-06-04
55,Bobine,Elster,belster1i@gov.uk,Female,2017-09-30
56,Maurise,Prettyjohns,mprettyjohns1j@yahoo.com,Female,2017-05-05
57,Anthiathia,Parram,aparram1k@wikispaces.com,Female,2017-08-25
58,Paulina,Lockyear,plockyear1l@go.com,Female,2017-11-26
59,Eula,Pinchin,epinchin1m@nytimes.com,Female,2018-01-28
60,Tanya,Hinchcliffe,thinchcliffe1n@examiner.com,Female,2017-09-21
61,Janina,Suttling,jsuttling1o@fastcompany.com,Female,2017-10-27
62,Milzie,Swait,mswait1p@acquirethisname.com,Female,2017-05-11
63,Taffy,Mealiffe,tmealiffe1q@purevolume.com,Female,2017-05-31
64,Dotty,Chellam,dchellam1r@naver.com,Female,2017-05-04
65,Denny,Barnewille,dbarnewille1s@linkedin.com,Male,2017-05-05
66,Farr,Yates,fyates1t@instagram.com,Male,2017-05-14
67,Dionne,Kirwan,dkirwan1u@quantcast.com,Female,2017-09-11
68,Thomasine,Myles,tmyles1v@ameblo.jp,Female,2017-04-28
69,Antons,Cushworth,acushworth1w@xinhuanet.com,Male,2017-09-28
70,Maddy,Donn,mdonn1x@facebook.com,Female,2017-04-29
71,Neddie,Kiggel,nkiggel1y@mediafire.com,Male,2018-01-28
72,Jacinda,Collister,jcollister1z@engadget.com,Female,2017-08-10
73,Brody,Beggs,bbeggs20@google.com,Male,2017-09-02
74,Eirena,Fendley,efendley21@weather.com,Female,2017-10-22
75,Ree,Faircliffe,rfaircliffe22@va.gov,Female,2017-12-07
76,Lauryn,Lewcock,llewcock23@ebay.co.uk,Female,2017-09-22
77,Alf,McFadden,amcfadden24@unblog.fr,Male,2017-12-17
78,Petra,Tollady,ptollady25@so-net.ne.jp,Female,2017-05-26
79,Hodge,Maundrell,hmaundrell26@a8.net,Male,2017-05-24
80,Terza,Risson,trisson27@ca.gov,Female,2017-06-19
81,Ced,Maulin,cmaulin28@is.gd,Male,2017-08-14
82,Jeannette,Olerenshaw,jolerenshaw29@reverbnation.com,Female,2018-01-30
83,Amabelle,Brunet,abrunet2a@uiuc.edu,Female,2018-01-27
84,Merle,MacCauley,mmaccauley2b@paginegialle.it,Female,2018-01-08
85,Alyce,Mallaby,amallaby2c@tripod.com,Female,2017-03-28
86,Danit,Stolworthy,dstolworthy2d@multiply.com,Female,2018-03-03
87,Kerry,Brockhurst,kbrockhurst2e@mayoclinic.com,Female,2017-04-27
88,Faulkner,MacGillespie,fmacgillespie2f@wix.com,Male,2018-02-25
89,Esme,Mangon,emangon2g@dell.com,Male,2017-11-14
90,Vaclav,Wallbutton,vwallbutton2h@biglobe.ne.jp,Male,2017-11-21
91,Catlin,Fruser,cfruser2i@dedecms.com,Female,2017-08-18
92,Ray,Coldham,rcoldham2j@barnesandnoble.com,Male,2017-06-18
93,Demetri,Clewarth,dclewarth2k@shareasale.com,Male,2017-06-07
94,Merrie,Hamsson,mhamsson2l@spiegel.de,Female,2017-06-26
95,Farica,Kerin,fkerin2m@intel.com,Female,2017-03-30
96,Lizzy,Ellwell,lellwell2n@drupal.org,Female,2017-10-26
97,Nichol,Latehouse,nlatehouse2o@china.com.cn,Female,2017-09-16
98,Maxine,Domanek,mdomanek2p@businessweek.com,Female,2018-01-29
99,Kasper,Malletratt,kmalletratt2q@yellowbook.com,Male,2017-09-17
100,Kristofer,Bascombe,kbascombe2r@scribd.com,Male,2017-08-19
101,Guthrey,Tulleth,gtulleth2s@home.pl,Male,2018-03-09
102,Morty,Rudloff,mrudloff2t@xinhuanet.com,Male,2017-06-28
103,Luca,Sclater,lsclater2u@51.la,Male,2017-12-13
104,Gabrila,Bugbird,gbugbird2v@auda.org.au,Female,2017-08-06
105,Wenona,Carles,wcarles2w@omniture.com,Female,2017-10-05
106,Ruthanne,Albury,ralbury2x@youku.com,Female,2017-07-17
107,Antons,Shaw,ashaw2y@github.io,Male,2017-04-23
108,Maurice,Tinton,mtinton2z@twitter.com,Male,2017-08-05
109,Nance,Spradbery,nspradbery30@joomla.org,Female,2018-02-10
110,Alexandra,Skermer,askermer31@prweb.com,Female,2017-06-07
111,Batholomew,Leist,bleist32@creativecommons.org,Male,2017-04-18
112,Sofia,Gallandre,sgallandre33@purevolume.com,Female,2017-06-13
113,Doyle,Earlam,dearlam34@indiatimes.com,Male,2017-04-28
114,Cedric,Varley,cvarley35@simplemachines.org,Male,2017-05-25
115,Norman,Yannikov,nyannikov36@chicagotribune.com,Male,2017-04-16
116,Brenda,McCard,bmccard37@mozilla.org,Female,2017-06-01
117,Anjanette,Weson,aweson38@unicef.org,Female,2017-07-31
118,Jamil,McMoyer,jmcmoyer39@ow.ly,Male,2017-11-12
119,Ker,Rubes,krubes3a@merriam-webster.com,Male,2017-06-26
120,Aliza,Troake,atroake3b@ucoz.com,Female,2017-08-12
121,Yehudi,Fancutt,yfancutt3c@is.gd,Male,2017-11-27
122,Addy,Stonehouse,astonehouse3d@wordpress.org,Male,2017-12-17
123,Blanca,Phant,bphant3e@ucsd.edu,Female,2018-02-21
124,Elsbeth,Drysdale,edrysdale3f@uol.com.br,Female,2017-04-27
125,Linnea,Reese,lreese3g@squarespace.com,Female,2017-11-01
126,Cristy,Fransson,cfransson3h@1688.com,Female,2017-04-11
127,Dorolice,Rizzillo,drizzillo3i@harvard.edu,Female,2017-06-15
128,Natty,Whylie,nwhylie3j@sina.com.cn,Male,2017-10-22
129,Dana,Trowler,dtrowler3k@prweb.com,Male,2017-05-12
130,Ainsley,Gosnay,agosnay3l@stumbleupon.com,Female,2018-03-14
131,Raeann,Gimenez,rgimenez3m@state.gov,Female,2017-03-27
132,Marylinda,Ottiwill,mottiwill3n@devhub.com,Female,2017-07-23
133,Malia,Haysey,mhaysey3o@altervista.org,Female,2017-10-30
134,Brinn,Ruslinge,bruslinge3p@booking.com,Female,2018-03-01
135,Edlin,Glasscott,eglasscott3q@behance.net,Male,2017-05-04
136,Lurette,Berzons,lberzons3r@ihg.com,Female,2017-08-21
137,Arty,Patershall,apatershall3s@thetimes.co.uk,Male,2017-11-13
138,Ruthann,Klugman,rklugman3t@unesco.org,Female,2017-09-16
139,Kalle,Faulks,kfaulks3u@exblog.jp,Male,2017-11-14
140,Aviva,Hoffmann,ahoffmann3v@wordpress.org,Female,2017-11-01
141,Eward,Cochran,ecochran3w@toplist.cz,Male,2017-04-16
142,Nichols,Stolle,nstolle3x@rakuten.co.jp,Male,2018-02-04
143,Zorina,Lackemann,zlackemann3y@chron.com,Female,2017-09-12
144,Kathye,Conningham,kconningham3z@who.int,Female,2018-02-02
145,Carlota,Eloi,celoi40@icio.us,Female,2018-02-10
146,Lonni,Buss,lbuss41@liveinternet.ru,Female,2018-01-25
147,Chandler,Bewshaw,cbewshaw42@com.com,Male,2017-11-29
148,Ferdie,Inman,finman43@ehow.com,Male,2018-02-02
149,Sharity,Havvock,shavvock44@java.com,Female,2017-10-12
150,Joey,Plumm,jplumm45@craigslist.org,Female,2018-02-07
151,Angeline,Abela,aabela46@nps.gov,Female,2018-01-09
152,Ilka,Gregor,igregor47@guardian.co.uk,Female,2017-06-29
153,Si,Addlestone,saddlestone48@stanford.edu,Male,2017-10-27
154,Whitney,Spindler,wspindler49@spiegel.de,Male,2017-05-14
155,Kathleen,Joselevitz,kjoselevitz4a@mayoclinic.com,Female,2017-07-20
156,Elliot,Vaux,evaux4b@fda.gov,Male,2018-03-14
157,Helga,Ablett,hablett4c@clickbank.net,Female,2018-03-08
158,Francoise,Blaxeland,fblaxeland4d@purevolume.com,Female,2017-06-18
159,Chance,Fransemai,cfransemai4e@opensource.org,Male,2017-09-17
160,Gayleen,D'Alessio,gdalessio4f@webmd.com,Female,2017-08-21
161,Felicia,Schaumaker,fschaumaker4g@bravesites.com,Female,2017-08-02
162,Carrie,Scutter,cscutter4h@ehow.com,Female,2017-12-28
163,Alfie,Sedgeman,asedgeman4i@webeden.co.uk,Male,2017-09-30
164,Becki,Morillas,bmorillas4j@tuttocitta.it,Female,2017-10-07
165,Paxon,Parzis,pparzis4k@blog.com,Male,2017-07-02
166,Lorenza,Jakobssen,ljakobssen4l@imageshack.us,Female,2017-09-25
167,Lea,Bass,lbass4m@google.nl,Female,2017-07-20
168,Margaret,Rees,mrees4n@dell.com,Female,2017-03-24
169,Loree,Piesing,lpiesing4o@youtu.be,Female,2017-04-22
170,Dannel,McKevin,dmckevin4p@netlog.com,Male,2017-11-19
171,Abelard,Llywarch,allywarch4q@uiuc.edu,Male,2018-01-22
172,Candie,Fairholme,cfairholme4r@hao123.com,Female,2017-11-23
173,Griffie,Bethune,gbethune4s@msu.edu,Male,2017-07-04
174,Marcus,Hark,mhark4t@goo.gl,Male,2017-09-09
175,Reiko,Benneton,rbenneton4u@smh.com.au,Female,2017-10-06
176,Corny,Pechet,cpechet4v@msn.com,Male,2017-09-05
177,Ricki,Spicer,rspicer4w@hubpages.com,Male,2017-12-20
178,Sarina,Boncoeur,sboncoeur4x@mapquest.com,Female,2017-07-06
179,Deeanne,Brouwer,dbrouwer4y@ft.com,Female,2017-09-26
180,Carilyn,McGurk,cmcgurk4z@a8.net,Female,2017-07-07
181,Audre,Stabler,astabler50@geocities.com,Female,2017-06-22
182,Hugibert,Laurenzi,hlaurenzi51@simplemachines.org,Male,2017-06-16
183,Sarajane,Braganza,sbraganza52@nhs.uk,Female,2018-03-11
184,Osborn,Anthiftle,oanthiftle53@parallels.com,Male,2017-09-23
185,Ezechiel,Fealey,efealey54@illinois.edu,Male,2017-10-24
186,Glory,O'Dee,godee55@scribd.com,Female,2018-01-23
187,Grissel,Enrdigo,genrdigo56@mysql.com,Female,2017-05-29
188,Malissia,Lowrey,mlowrey57@yellowbook.com,Female,2017-12-15
189,Jacquenetta,McLeary,jmcleary58@skype.com,Female,2017-06-15
190,Ruddie,Battrick,rbattrick59@hatena.ne.jp,Male,2017-04-21
191,Melisa,Daughton,mdaughton5a@illinois.edu,Female,2017-12-18
192,Dante,Serraillier,dserraillier5b@seesaa.net,Male,2018-02-01
193,Missie,Rheubottom,mrheubottom5c@netlog.com,Female,2017-11-09
194,Beryl,Father,bfather5d@irs.gov,Female,2017-11-07
195,Lila,Danslow,ldanslow5e@imgur.com,Female,2017-11-29
196,Yvon,Skedge,yskedge5f@oaic.gov.au,Male,2018-02-18
197,Tabor,Gale,tgale5g@wiley.com,Male,2018-01-20
198,Serena,Myrie,smyrie5h@webmd.com,Female,2017-08-23
199,Van,Itskovitz,vitskovitz5i@unblog.fr,Female,2017-07-25
200,Tallia,MacCarrick,tmaccarrick5j@ucsd.edu,Female,2017-12-08
201,Rolland,Kett,rkett5k@dedecms.com,Male,2017-11-03
202,Eve,McAdam,emcadam5l@myspace.com,Female,2018-02-24
203,Dirk,Dampney,ddampney5m@toplist.cz,Male,2017-05-11
204,Kain,Vairow,kvairow5n@google.fr,Male,2017-10-08
205,Gerty,Vasilchikov,gvasilchikov5o@oakley.com,Female,2017-12-05
206,Barry,Peschmann,bpeschmann5p@answers.com,Female,2018-02-21
207,Marvin,Faley,mfaley5q@seattletimes.com,Male,2017-08-09
208,Janek,Cordes,jcordes5r@usda.gov,Male,2018-01-13
209,Minna,Gerler,mgerler5s@facebook.com,Female,2017-05-25
210,Johnette,Bielfelt,jbielfelt5t@discuz.net,Female,2017-08-27
211,Sophia,Jerwood,sjerwood5u@icq.com,Female,2017-04-25
212,Edgardo,Tucknutt,etucknutt5v@irs.gov,Male,2017-09-11
213,Odette,Merton,omerton5w@meetup.com,Female,2018-01-05
214,Yardley,Troke,ytroke5x@tripadvisor.com,Male,2017-08-21
215,Elisha,Oldale,eoldale5y@github.com,Male,2018-03-03
216,Roselin,Strong,rstrong5z@cdbaby.com,Female,2017-08-12
217,Jeanne,Terese,jterese60@diigo.com,Female,2017-11-25
218,Glad,Birk,gbirk61@dedecms.com,Female,2018-01-13
219,Sibylla,Demann,sdemann62@prnewswire.com,Female,2017-11-04
220,Sydney,Collum,scollum63@usa.gov,Male,2017-11-20
221,Casandra,Trudgian,ctrudgian64@salon.com,Female,2018-02-20
222,Opaline,Weben,oweben65@pinterest.com,Female,2017-08-19
223,Byron,Asker,basker66@istockphoto.com,Male,2017-11-12
224,Madeleine,Noah,mnoah67@bigcartel.com,Female,2017-07-22
225,Selina,Myott,smyott68@webeden.co.uk,Female,2017-10-09
226,Perry,Breese,pbreese69@delicious.com,Female,2018-03-16
227,Gibb,Pentercost,gpentercost6a@bloomberg.com,Male,2017-04-02
228,Vivie,Mansford,vmansford6b@aboutads.info,Female,2017-07-27
229,Duffie,Stallan,dstallan6c@intel.com,Male,2018-01-12
230,Roberto,Lindwasser,rlindwasser6d@1688.com,Male,2017-09-19
231,Harmon,Whybray,hwhybray6e@nih.gov,Male,2017-04-16
232,Phyllys,Wardley,pwardley6f@blogspot.com,Female,2018-01-11
233,Tabb,Pitcher,tpitcher6g@nps.gov,Male,2017-10-28
234,Wait,Hattiff,whattiff6h@bloomberg.com,Male,2018-01-07
235,Teddy,Gosling,tgosling6i@hatena.ne.jp,Male,2018-01-04
236,Shelba,Bozworth,sbozworth6j@bloglovin.com,Female,2017-05-23
237,Neddy,Whitewood,nwhitewood6k@ca.gov,Male,2017-06-24
238,Pamelina,Hully,phully6l@cocolog-nifty.com,Female,2017-06-27
239,Pepi,Athowe,pathowe6m@usda.gov,Female,2017-12-30
240,Murielle,Glendinning,mglendinning6n@flickr.com,Female,2017-04-26
241,Stafani,Lightfoot,slightfoot6o@diigo.com,Female,2017-11-09
242,Dugald,Letherbury,dletherbury6p@multiply.com,Male,2017-07-26
243,Loretta,Gull,lgull6q@census.gov,Female,2018-03-15
244,Leigha,Reynoollds,lreynoollds6r@cdbaby.com,Female,2017-12-24
245,Pernell,Braksper,pbraksper6s@illinois.edu,Male,2017-07-10
246,Ring,Trank,rtrank6t@friendfeed.com,Male,2017-07-18
247,Bruce,Hane,bhane6u@123-reg.co.uk,Male,2017-11-26
248,Analiese,Allgood,aallgood6v@bizjournals.com,Female,2017-08-05
249,Keefe,Bransby,kbransby6w@blog.com,Male,2017-07-11
250,Vincenz,Saich,vsaich6x@ebay.co.uk,Male,2018-02-04
251,Bartel,Brandenberg,bbrandenberg6y@thetimes.co.uk,Male,2017-07-14
252,Valry,Allbones,vallbones6z@scribd.com,Female,2017-04-25
253,Niles,Busfield,nbusfield70@ucla.edu,Male,2017-12-04
254,Margit,Farny,mfarny71@biglobe.ne.jp,Female,2017-11-22
255,Drusilla,Elfitt,delfitt72@odnoklassniki.ru,Female,2017-06-25
256,Bryn,Martynov,bmartynov73@cornell.edu,Female,2017-04-21
257,Reinaldo,Argente,rargente74@google.co.jp,Male,2017-06-21
258,Alejandrina,Kippen,akippen75@linkedin.com,Female,2018-01-17
259,Meggie,Uwins,muwins76@last.fm,Female,2017-12-04
260,Toiboid,Bosch,tbosch77@nps.gov,Male,2017-05-27
261,Trenton,Pavier,tpavier78@yellowbook.com,Male,2017-05-17
262,Sher,Tonner,stonner79@scribd.com,Female,2017-04-26
263,Ingelbert,Lansley,ilansley7a@upenn.edu,Male,2017-05-30
264,Augusta,Benardeau,abenardeau7b@pcworld.com,Female,2018-01-29
265,Panchito,Cloke,pcloke7c@creativecommons.org,Male,2017-04-26
266,Lucy,Ivanenko,livanenko7d@studiopress.com,Female,2017-09-20
267,Hayden,Stephens,hstephens7e@disqus.com,Male,2017-10-05
268,Tedd,Dightham,tdightham7f@eepurl.com,Male,2018-03-05
269,Shina,Vanyakin,svanyakin7g@google.pl,Female,2018-03-07
270,Nancee,Nickoll,nnickoll7h@google.de,Female,2018-01-21
271,Joanie,Blackborn,jblackborn7i@google.com.au,Female,2017-08-11
272,Babbie,O'Murtagh,bomurtagh7j@chron.com,Female,2017-09-20
273,Melisenda,Augar,maugar7k@hostgator.com,Female,2017-04-30
274,Daryn,Barraclough,dbarraclough7l@google.com.hk,Female,2017-10-25
275,Dugald,Ewen,dewen7m@newsvine.com,Male,2017-10-26
276,Tammy,MacDaid,tmacdaid7n@cargocollective.com,Male,2017-12-26
277,Tan,Skipper,tskipper7o@vkontakte.ru,Male,2018-01-30
278,Garvin,Rozsa,grozsa7p@illinois.edu,Male,2017-12-22
279,Andonis,Jentges,ajentges7q@opensource.org,Male,2018-02-09
280,Nert,Tilne,ntilne7r@dmoz.org,Female,2017-07-12
281,Nat,Portal,nportal7s@mashable.com,Male,2017-11-10
282,Corella,Di Biagio,cdibiagio7t@fotki.com,Female,2017-07-27
283,Matthus,Tebbs,mtebbs7u@ow.ly,Male,2017-10-20
284,Heywood,Ragless,hragless7v@w3.org,Male,2018-01-14
285,Zacharias,Asche,zasche7w@twitter.com,Male,2017-10-18
286,Chelsea,Eustice,ceustice7x@surveymonkey.com,Female,2017-05-13
287,Philbert,Olland,polland7y@google.co.jp,Male,2017-04-30
288,Lorianna,Taggert,ltaggert7z@amazon.com,Female,2017-12-24
289,Fidelia,Bartell,fbartell80@sogou.com,Female,2017-05-28
290,Roma,Lowther,rlowther81@dailymotion.com,Male,2018-01-27
291,Adlai,Ropking,aropking82@google.de,Male,2017-11-27
292,Jarad,Savin,jsavin83@patch.com,Male,2017-05-15
293,Christoph,Nethercott,cnethercott84@bravesites.com,Male,2017-11-20
294,Silvan,Korb,skorb85@auda.org.au,Male,2017-05-12
295,Atlante,Checcucci,acheccucci86@wp.com,Female,2017-07-08
296,Kania,Dilgarno,kdilgarno87@jalbum.net,Female,2017-11-19
297,Florentia,Antonomoli,fantonomoli88@google.ca,Female,2017-07-03
298,Tomaso,Sinney,tsinney89@alexa.com,Male,2017-04-13
299,Johnathon,Sinclaire,jsinclaire8a@illinois.edu,Male,2017-05-05
300,Dela,Boribal,dboribal8b@about.me,Female,2017-09-22
301,Cosme,O'Sherin,cosherin8c@friendfeed.com,Male,2017-06-05
302,Rowney,Dalli,rdalli8d@skyrock.com,Male,2017-12-09
303,Germana,Giannotti,ggiannotti8e@myspace.com,Female,2018-03-10
304,Lemmy,Fockes,lfockes8f@stanford.edu,Male,2017-09-30
305,Upton,Bourton,ubourton8g@shutterfly.com,Male,2017-11-04
306,Cariotta,Emmitt,cemmitt8h@indiegogo.com,Female,2017-07-07
307,Hamnet,Fromont,hfromont8i@dot.gov,Male,2017-10-11
308,Hunfredo,Hartshorn,hhartshorn8j@vimeo.com,Male,2017-07-27
309,Abbye,Kinglesyd,akinglesyd8k@ocn.ne.jp,Female,2017-11-12
310,Christian,Brou,cbrou8l@gov.uk,Male,2017-11-01
311,Mirabel,McWhirter,mmcwhirter8m@amazon.com,Female,2017-12-31
312,Ange,Ameer-Beg,aameerbeg8n@cbslocal.com,Male,2018-03-10
313,Hogan,Rozzell,hrozzell8o@cornell.edu,Male,2017-12-30
314,Bert,Bawdon,bbawdon8p@bloomberg.com,Female,2017-06-20
315,Gabie,Knocker,gknocker8q@ca.gov,Female,2017-08-08
316,Bathsheba,Dufaur,bdufaur8r@hexun.com,Female,2017-05-08
317,Timotheus,Burrage,tburrage8s@imdb.com,Male,2017-07-09
318,Noella,Domerc,ndomerc8t@un.org,Female,2017-08-22
319,Zorine,Batsford,zbatsford8u@senate.gov,Female,2018-02-14
320,Roth,Ormshaw,rormshaw8v@chronoengine.com,Male,2017-08-23
321,Towny,Collingwood,tcollingwood8w@vimeo.com,Male,2018-03-10
322,Billy,Morin,bmorin8x@usatoday.com,Male,2017-08-01
323,Horatius,Bubbear,hbubbear8y@plala.or.jp,Male,2017-12-09
324,Buddy,Libbe,blibbe8z@indiatimes.com,Male,2017-04-06
325,Ki,Goater,kgoater90@answers.com,Female,2017-04-01
326,Otho,Fochs,ofochs91@cargocollective.com,Male,2017-09-03
327,Padriac,Shearsby,pshearsby92@delicious.com,Male,2017-12-11
328,Harmon,Treby,htreby93@foxnews.com,Male,2018-01-07
329,Percy,McReynolds,pmcreynolds94@hc360.com,Male,2017-09-11
330,Alvan,Calafato,acalafato95@cargocollective.com,Male,2017-08-06
331,Claire,Chirm,cchirm96@indiatimes.com,Female,2017-07-14
332,Torrie,Letts,tletts97@histats.com,Female,2018-02-02
333,Tadeo,Fairnie,tfairnie98@marketwatch.com,Male,2017-07-21
334,Waverley,Spacey,wspacey99@paypal.com,Male,2017-04-12
335,Clay,Lambersen,clambersen9a@apache.org,Male,2017-12-06
336,Marthe,Seedull,mseedull9b@live.com,Female,2017-10-08
337,Jakie,Shalloo,jshalloo9c@lulu.com,Male,2017-06-13
338,Rica,Maps,rmaps9d@phoca.cz,Female,2018-02-22
339,Ced,Prinne,cprinne9e@buzzfeed.com,Male,2017-06-19
340,Myer,Shelmardine,mshelmardine9f@friendfeed.com,Male,2017-10-13
341,Scott,Balogh,sbalogh9g@pbs.org,Male,2017-08-07
342,Rustin,Widd,rwidd9h@dailymotion.com,Male,2017-09-30
343,Hughie,Malbon,hmalbon9i@ucsd.edu,Male,2017-08-13
344,Catlin,Boundy,cboundy9j@amazon.de,Female,2017-10-25
345,Ailina,Bellerby,abellerby9k@opera.com,Female,2018-02-20
346,Rodge,Sprowle,rsprowle9l@twitpic.com,Male,2017-12-22
347,Stavros,Gonoude,sgonoude9m@marketwatch.com,Male,2017-04-24
348,Brew,Sneden,bsneden9n@google.ca,Male,2017-12-08
349,Conny,Mackleden,cmackleden9o@delicious.com,Male,2017-04-15
350,Robbie,Pridmore,rpridmore9p@fotki.com,Female,2018-03-11
351,Stacie,Dibden,sdibden9q@sogou.com,Female,2017-07-01
352,Dori,Delamaine,ddelamaine9r@last.fm,Female,2017-06-26
353,Nickolai,McAdam,nmcadam9s@friendfeed.com,Male,2017-08-04
354,Rivalee,Treher,rtreher9t@icio.us,Female,2017-10-21
355,Ginger,Birrell,gbirrell9u@sakura.ne.jp,Female,2017-06-25
356,Faustina,Lummis,flummis9v@theglobeandmail.com,Female,2017-10-02
357,Cleon,Coppins,ccoppins9w@xrea.com,Male,2017-12-08
358,Frants,Feedham,ffeedham9x@t-online.de,Male,2017-11-06
359,Genovera,Lufkin,glufkin9y@who.int,Female,2017-07-23
360,Joan,Morde,jmorde9z@google.com,Female,2018-02-10
361,Cymbre,Lobell,clobella0@mozilla.com,Female,2018-01-08
362,Elwin,Hazell,ehazella1@cbslocal.com,Male,2017-08-21
363,Randy,Kenafaque,rkenafaquea2@squarespace.com,Male,2017-10-27
364,Cherilynn,Maclean,cmacleana3@soundcloud.com,Female,2018-02-21
365,Lacee,Eringey,leringeya4@craigslist.org,Female,2017-07-12
366,Ranique,Counsell,rcounsella5@dailymotion.com,Female,2017-11-03
367,Melanie,Nelthorp,mnelthorpa6@cnet.com,Female,2017-09-09
368,Aron,Forrestall,aforrestalla7@latimes.com,Male,2017-08-02
369,Warren,Lamberth,wlambertha8@ucla.edu,Male,2018-03-18
370,Albertine,Barnett,abarnetta9@addthis.com,Female,2017-10-28
371,Gris,Hinkensen,ghinkensenaa@shareasale.com,Male,2017-07-31
372,Benjy,Tubritt,btubrittab@weebly.com,Male,2017-05-26
373,Killy,Warmington,kwarmingtonac@home.pl,Male,2017-10-03
374,Tobi,Bleyman,tbleymanad@dagondesign.com,Female,2017-08-21
375,Amberly,Largen,alargenae@yandex.ru,Female,2017-09-17
376,Tonye,Novic,tnovicaf@domainmarket.com,Female,2017-08-03
377,Lynne,Gurge,lgurgeag@mlb.com,Female,2017-12-27
378,Klarika,Gashion,kgashionah@sphinn.com,Female,2017-10-19
379,Brockie,Vigar,bvigarai@arizona.edu,Male,2017-05-04
380,Georgy,Haston,ghastonaj@si.edu,Male,2017-04-25
381,Nataline,Plester,nplesterak@scientificamerican.com,Female,2017-05-25
382,Iolanthe,Streets,istreetsal@va.gov,Female,2017-10-30
383,Tybi,Sparey,tspareyam@blogtalkradio.com,Female,2017-12-10
384,Dennis,Aronstein,daronsteinan@deviantart.com,Male,2018-01-23
385,Jervis,Hallick,jhallickao@ehow.com,Male,2017-06-19
386,Florian,Elrick,felrickap@free.fr,Male,2017-10-26
387,Renado,Playford,rplayfordaq@squidoo.com,Male,2017-11-12
388,Tamqrah,McKnockiter,tmcknockiterar@mac.com,Female,2017-11-27
389,Marrissa,Jacquest,mjacquestas@networksolutions.com,Female,2017-07-09
390,Brian,Gauden,bgaudenat@cdc.gov,Male,2017-09-16
391,Ginnifer,Possek,gpossekau@trellian.com,Female,2017-08-17
392,Elisabet,Camblin,ecamblinav@booking.com,Female,2017-06-22
393,Ilene,Harston,iharstonaw@boston.com,Female,2017-06-09
394,Heather,Weadick,hweadickax@reuters.com,Female,2017-09-18
395,Cristiano,Grishakin,cgrishakinay@biglobe.ne.jp,Male,2018-02-10
396,Cad,Jakubowicz,cjakubowiczaz@altervista.org,Male,2017-08-09
397,Granville,Maxworthy,gmaxworthyb0@epa.gov,Male,2017-03-29
398,Ethelind,Bog,ebogb1@multiply.com,Female,2018-02-14
399,Maura,Benko,mbenkob2@google.de,Female,2017-07-14
400,Fran,Bernardy,fbernardyb3@digg.com,Female,2017-06-23
401,Bevin,Swindin,bswindinb4@taobao.com,Male,2017-07-11
402,Tabitha,Trobe,ttrobeb5@fotki.com,Female,2017-09-19
403,Gill,McMurthy,gmcmurthyb6@nba.com,Female,2017-11-18
404,Caz,Perton,cpertonb7@deviantart.com,Male,2017-08-04
405,Sherlocke,Ponten,spontenb8@census.gov,Male,2017-10-04
406,Birk,Waight,bwaightb9@state.gov,Male,2017-12-20
407,Moise,Bortolazzi,mbortolazziba@list-manage.com,Male,2018-03-16
408,Dayle,Brugden,dbrugdenbb@google.ru,Female,2018-01-07
409,Ebenezer,Burbidge,eburbidgebc@facebook.com,Male,2018-03-05
410,Bettine,Sexton,bsextonbd@sbwire.com,Female,2017-07-27
411,Genovera,Rozanski,grozanskibe@prweb.com,Female,2017-07-23
412,Ravi,Cockerton,rcockertonbf@yandex.ru,Male,2018-02-12
413,Andree,Stevens,astevensbg@tuttocitta.it,Female,2017-11-02
414,Blake,Blakelock,bblakelockbh@typepad.com,Female,2017-06-25
415,Andonis,Huxter,ahuxterbi@deliciousdays.com,Male,2017-08-22
416,Jehanna,Lovelock,jlovelockbj@sina.com.cn,Female,2018-03-02
417,Paulita,Carlon,pcarlonbk@rediff.com,Female,2018-02-17
418,Charlene,Hilbourne,chilbournebl@kickstarter.com,Female,2017-09-18
419,Magdalene,Mulvaney,mmulvaneybm@goo.gl,Female,2017-06-21
420,Caresse,MacShirie,cmacshiriebn@spiegel.de,Female,2017-11-01
421,Herve,Pile,hpilebo@elegantthemes.com,Male,2017-08-02
422,Shirlene,Yewen,syewenbp@bbc.co.uk,Female,2017-09-18
423,Selestina,Salamon,ssalamonbq@about.me,Female,2017-11-22
424,Dianna,Strutton,dstruttonbr@nature.com,Female,2017-04-30
425,Ameline,Mc Caughan,amccaughanbs@alibaba.com,Female,2017-05-03
426,Britney,Selesnick,bselesnickbt@yandex.ru,Female,2017-11-03
427,Loise,Whitbread,lwhitbreadbu@360.cn,Female,2017-08-25
428,Peri,Hammill,phammillbv@twitpic.com,Female,2017-09-17
429,Ingamar,Dowzell,idowzellbw@cargocollective.com,Male,2018-02-17
430,Ber,Phillp,bphillpbx@nih.gov,Male,2017-08-03
431,Bil,Morston,bmorstonby@independent.co.uk,Male,2018-03-04
432,Janis,Cranmore,jcranmorebz@imageshack.us,Female,2017-07-28
433,Odo,Harry,oharryc0@multiply.com,Male,2017-05-26
434,Brooke,Wetherald,bwetheraldc1@mayoclinic.com,Male,2017-06-09
435,Douglass,Marrow,dmarrowc2@baidu.com,Male,2017-05-03
436,Ferdinanda,Pritty,fprittyc3@newyorker.com,Female,2017-05-15
437,Marlowe,Chinge,mchingec4@toplist.cz,Male,2017-04-29
438,Jase,Bowness,jbownessc5@sun.com,Male,2017-04-01
439,Clevey,Kringe,ckringec6@nationalgeographic.com,Male,2017-11-28
440,Bridget,Gepp,bgeppc7@redcross.org,Female,2017-09-04
441,Gert,Willcott,gwillcottc8@php.net,Female,2017-08-13
442,Eolanda,Sharples,esharplesc9@furl.net,Female,2018-01-10
443,Aubrey,Peers,apeersca@rambler.ru,Male,2017-07-03
444,Germaine,Trustrie,gtrustriecb@newyorker.com,Female,2018-01-27
445,Brian,Fills,bfillscc@sciencedaily.com,Male,2017-06-03
446,Juditha,Peter,jpetercd@si.edu,Female,2017-04-03
447,Sutherlan,Rubroe,srubroece@zimbio.com,Male,2018-03-02
448,Daile,Bucklee,dbuckleecf@msu.edu,Female,2018-01-29
449,Ivar,Moakes,imoakescg@jigsy.com,Male,2017-10-02
450,Lars,Sykora,lsykorach@plala.or.jp,Male,2017-07-31
451,Bernhard,Redsall,bredsallci@furl.net,Male,2017-12-31
452,Hildegarde,Eckart,heckartcj@devhub.com,Female,2017-05-05
453,Hatti,Exposito,hexpositock@omniture.com,Female,2018-03-12
454,Verena,Bernardotte,vbernardottecl@tiny.cc,Female,2017-10-31
455,Vale,Abramovic,vabramoviccm@epa.gov,Male,2018-01-16
456,Brodie,Crowdson,bcrowdsoncn@123-reg.co.uk,Male,2017-08-06
457,Alanna,Finnie,afinnieco@cafepress.com,Female,2017-07-04
458,Yetty,Hagley,yhagleycp@sbwire.com,Female,2017-08-16
459,Karen,Kidd,kkiddcq@drupal.org,Female,2017-06-19
460,Roxine,Dennidge,rdennidgecr@google.it,Female,2017-04-26
461,Cori,Graeber,cgraebercs@e-recht24.de,Male,2017-11-23
462,Lise,Riddick,lriddickct@imdb.com,Female,2018-01-15
463,Consolata,Hollyer,chollyercu@twitpic.com,Female,2018-02-21
464,Claudette,Managh,cmanaghcv@cafepress.com,Female,2018-01-10
465,Fidela,Durning,fdurningcw@yellowpages.com,Female,2018-01-16
466,Viviene,Scoggin,vscoggincx@livejournal.com,Female,2017-05-01
467,Analiese,Claessens,aclaessenscy@smugmug.com,Female,2017-07-11
468,Tabina,Heaney`,theaneycz@pagesperso-orange.fr,Female,2017-10-09
469,Ramsay,Tidd,rtiddd0@google.com,Male,2018-01-20
470,Bert,Grigorescu,bgrigorescud1@google.ru,Male,2017-07-22
471,Robb,Macari,rmacarid2@ocn.ne.jp,Male,2017-07-22
472,Skell,Lehrmann,slehrmannd3@google.cn,Male,2017-04-10
473,Zonnya,Deverson,zdeversond4@google.ca,Female,2017-07-12
474,Renado,Kubal,rkubald5@infoseek.co.jp,Male,2017-05-15
475,Sigvard,Gave,sgaved6@rakuten.co.jp,Male,2017-10-02
476,Vergil,McGow,vmcgowd7@go.com,Male,2017-10-13
477,Vassili,Chinery,vchineryd8@europa.eu,Male,2017-05-06
478,Halsey,Mulligan,hmulligand9@a8.net,Male,2017-12-23
479,Gerardo,Tristram,gtristramda@cdbaby.com,Male,2018-01-05
480,Lorain,Dodds,ldoddsdb@jugem.jp,Female,2017-09-21
481,Paten,Embery,pemberydc@latimes.com,Male,2017-04-05
482,Farrel,Prando,fprandodd@patch.com,Male,2018-01-08
483,Cara,Yallowley,cyallowleyde@yahoo.co.jp,Female,2017-07-05
484,Omar,McGaugey,omcgaugeydf@woothemes.com,Male,2017-05-16
485,Karee,Bunclark,kbunclarkdg@mtv.com,Female,2017-09-08
486,Rice,Doole,rdooledh@goodreads.com,Male,2017-04-17
487,Othello,Massel,omasseldi@utexas.edu,Male,2018-02-11
488,Edna,Heinzel,eheinzeldj@geocities.com,Female,2017-11-20
489,Florrie,Shimuk,fshimukdk@walmart.com,Female,2017-07-10
490,Husain,Brosius,hbrosiusdl@fema.gov,Male,2017-08-15
491,Audy,Billington,abillingtondm@spotify.com,Female,2017-09-06
492,Sayre,Killford,skillforddn@loc.gov,Male,2017-08-01
493,Indira,Urien,iuriendo@admin.ch,Female,2017-12-20
494,Elisa,Wreiford,ewreiforddp@goodreads.com,Female,2017-10-09
495,Leisha,Collison,lcollisondq@howstuffworks.com,Female,2017-09-18
496,Terrence,Barhams,tbarhamsdr@github.com,Male,2017-12-14
497,Wallis,Dunsmuir,wdunsmuirds@army.mil,Male,2017-05-15
498,Ulrika,Twycross,utwycrossdt@infoseek.co.jp,Female,2017-05-19
499,Jeff,Baselio,jbaseliodu@noaa.gov,Male,2018-02-03
500,Manon,McKeady,mmckeadydv@free.fr,Female,2017-05-03
501,Vally,Hanscom,vhanscomdw@dion.ne.jp,Female,2017-12-03
502,Launce,Knocker,lknockerdx@edublogs.org,Male,2017-10-18
503,Bev,Sherrott,bsherrottdy@instagram.com,Female,2017-05-03
504,Zebulen,Hodjetts,zhodjettsdz@psu.edu,Male,2017-09-08
505,Mychal,Hurn,mhurne0@acquirethisname.com,Male,2018-01-08
506,Bar,Gullane,bgullanee1@oakley.com,Male,2018-01-03
507,Wendall,Scoone,wscoonee2@toplist.cz,Male,2017-09-26
508,Edythe,Luck,elucke3@clickbank.net,Female,2017-05-17
509,Booth,Dominec,bdominece4@mtv.com,Male,2017-05-12
510,Maxie,Pickerin,mpickerine5@ask.com,Male,2017-06-06
511,Lowe,Coulton,lcoultone6@ibm.com,Male,2017-09-06
512,Brear,McNeil,bmcneile7@posterous.com,Female,2017-05-23
513,Arnie,Sandes,asandese8@slideshare.net,Male,2017-06-19
514,Harmonia,Swalwell,hswalwelle9@mashable.com,Female,2018-03-07
515,Anselma,Fisby,afisbyea@bigcartel.com,Female,2017-12-28
516,Fredrick,Crewdson,fcrewdsoneb@nydailynews.com,Male,2017-12-21
517,Cammy,Franciskiewicz,cfranciskiewiczec@reverbnation.com,Male,2017-09-25
518,Austin,Boshard,abosharded@fda.gov,Male,2017-07-26
519,Reta,Belleny,rbellenyee@pen.io,Female,2017-12-17
520,Bonita,MacCaughan,bmaccaughanef@cbslocal.com,Female,2018-01-05
521,Fair,Avey,faveyeg@ihg.com,Male,2017-06-24
522,Gottfried,Riccetti,griccettieh@microsoft.com,Male,2018-02-22
523,Bunny,Slocum,bslocumei@hibu.com,Female,2017-05-01
524,Maggie,Fildes,mfildesej@dailymail.co.uk,Female,2017-09-16
525,Becca,Murford,bmurfordek@soup.io,Female,2017-04-27
526,Raine,Coy,rcoyel@ftc.gov,Female,2018-02-26
527,Davine,Guys,dguysem@wikia.com,Female,2017-06-10
528,Melina,Siggee,msiggeeen@upenn.edu,Female,2018-01-19
529,Martina,Brothwell,mbrothwelleo@joomla.org,Female,2018-02-19
530,Colan,Matityahu,cmatityahuep@infoseek.co.jp,Male,2018-03-15
531,Mireielle,Lorman,mlormaneq@army.mil,Female,2017-07-13
532,Maison,Canning,mcanninger@tinypic.com,Male,2018-01-28
533,Anastassia,Meatcher,ameatcheres@ca.gov,Female,2017-06-29
534,Monro,Fishbourn,mfishbournet@seesaa.net,Male,2017-04-08
535,Baily,Klees,bkleeseu@taobao.com,Male,2017-03-28
536,Hans,Leadston,hleadstonev@posterous.com,Male,2017-08-04
537,Leisha,MacGahy,lmacgahyew@theglobeandmail.com,Female,2017-10-17
538,Doretta,Lecointe,dlecointeex@alexa.com,Female,2017-04-22
539,Hi,Guidi,hguidiey@hubpages.com,Male,2017-09-13
540,Minor,Grangier,mgrangierez@archive.org,Male,2018-01-06
541,Keeley,Baskwell,kbaskwellf0@friendfeed.com,Female,2017-12-04
542,Devlen,Treverton,dtrevertonf1@soundcloud.com,Male,2017-12-31
543,Dorrie,Buttrum,dbuttrumf2@mayoclinic.com,Female,2017-05-20
544,Sylvan,Streeton,sstreetonf3@ucoz.ru,Male,2017-04-04
545,Selle,Moore,smooref4@si.edu,Female,2017-05-18
546,Malvina,Drife,mdrifef5@huffingtonpost.com,Female,2017-04-30
547,Brett,Bowerbank,bbowerbankf6@zimbio.com,Female,2017-05-17
548,Kahlil,Regis,kregisf7@storify.com,Male,2017-12-15
549,Larry,Wynrahame,lwynrahamef8@mysql.com,Male,2017-06-13
550,Noel,Paolillo,npaolillof9@tiny.cc,Female,2017-08-17
551,Andra,Slemmonds,aslemmondsfa@ifeng.com,Female,2017-06-03
552,Catarina,Farnan,cfarnanfb@biglobe.ne.jp,Female,2017-12-13
553,Tally,Shildrick,tshildrickfc@wordpress.com,Male,2017-05-25
554,Inesita,Sellstrom,isellstromfd@globo.com,Female,2017-10-10
555,Arnaldo,Soares,asoaresfe@cafepress.com,Male,2017-08-10
556,Rosene,Steggles,rstegglesff@gravatar.com,Female,2018-02-06
557,Glenn,Berrey,gberreyfg@paginegialle.it,Female,2017-04-15
558,Caldwell,Raulin,craulinfh@twitpic.com,Male,2017-11-13
559,Dacy,Paolicchi,dpaolicchifi@people.com.cn,Female,2017-10-15
560,Cathyleen,Pleavin,cpleavinfj@apple.com,Female,2017-06-08
561,Woodman,MacGoun,wmacgounfk@furl.net,Male,2017-06-06
562,Dallas,Waterdrinker,dwaterdrinkerfl@businessinsider.com,Female,2018-01-22
563,Chic,Lodewick,clodewickfm@livejournal.com,Male,2018-02-11
564,Bryana,Gallen,bgallenfn@flavors.me,Female,2017-07-24
565,Jessie,McGlone,jmcglonefo@washington.edu,Male,2017-07-13
566,Kimbra,Galvan,kgalvanfp@sogou.com,Female,2017-10-30
567,Terrance,Fincken,tfinckenfq@icq.com,Male,2017-06-16
568,Chan,Crebbin,ccrebbinfr@freewebs.com,Male,2017-12-24
569,Adair,Steen,asteenfs@so-net.ne.jp,Male,2018-01-27
570,Derwin,Castledine,dcastledineft@moonfruit.com,Male,2017-11-15
571,Mort,Cavnor,mcavnorfu@amazon.co.uk,Male,2017-08-25
572,Stillmann,Fernandes,sfernandesfv@quantcast.com,Male,2017-07-28
573,Lian,Scibsey,lscibseyfw@drupal.org,Female,2017-04-02
574,Vite,Kinde,vkindefx@yolasite.com,Male,2018-03-09
575,Catharina,Wareing,cwareingfy@wikimedia.org,Female,2017-10-16
576,Basil,Northcott,bnorthcottfz@shop-pro.jp,Male,2017-05-20
577,Muffin,Archambault,marchambaultg0@who.int,Female,2017-10-23
578,Reuben,Boddis,rboddisg1@redcross.org,Male,2017-06-16
579,Raquel,Heinreich,rheinreichg2@sourceforge.net,Female,2017-12-19
580,Esteban,Cowgill,ecowgillg3@yandex.ru,Male,2017-06-21
581,Lucas,Klempke,lklempkeg4@blog.com,Male,2017-11-09
582,Falkner,Lithcow,flithcowg5@tiny.cc,Male,2017-09-02
583,Lanae,Hacker,lhackerg6@narod.ru,Female,2018-03-04
584,Millisent,Straker,mstrakerg7@cbslocal.com,Female,2017-06-10
585,Dale,Haken,dhakeng8@icio.us,Male,2018-03-18
586,Chelsie,Leber,cleberg9@godaddy.com,Female,2017-10-24
587,Alyss,Wesley,awesleyga@spotify.com,Female,2017-04-23
588,Russell,Perrie,rperriegb@princeton.edu,Male,2017-08-29
589,Tanny,Kenward,tkenwardgc@tinypic.com,Male,2017-09-30
590,Herman,MacDonnell,hmacdonnellgd@dagondesign.com,Male,2017-05-17
591,Lisha,Iacovini,liacovinige@infoseek.co.jp,Female,2018-01-15
592,Sileas,Gidney,sgidneygf@multiply.com,Female,2017-11-18
593,Margarita,Bonsey,mbonseygg@spotify.com,Female,2018-01-17
594,Elie,Spaight,espaightgh@ebay.com,Female,2017-11-17
595,Giff,Odde,goddegi@gmpg.org,Male,2017-03-28
596,Herc,McKie,hmckiegj@qq.com,Male,2018-03-02
597,Nahum,Gocke,ngockegk@mysql.com,Male,2018-01-09
598,Randall,Cawse,rcawsegl@archive.org,Male,2018-02-17
599,Mose,Le Conte,mlecontegm@fc2.com,Male,2017-09-13
600,Thedrick,Borgnet,tborgnetgn@t-online.de,Male,2017-11-02
601,Walsh,Keating,wkeatinggo@nhs.uk,Male,2017-05-15
602,Keely,Tolhurst,ktolhurstgp@artisteer.com,Female,2017-10-05
603,Carmita,Carde,ccardegq@dagondesign.com,Female,2017-05-29
604,Staci,Kniveton,sknivetongr@hubpages.com,Female,2017-07-24
605,Velma,Gulston,vgulstongs@senate.gov,Female,2017-11-04
606,Osmund,Skipperbottom,oskipperbottomgt@discovery.com,Male,2018-01-30
607,Gigi,Dunnan,gdunnangu@businesswire.com,Female,2017-09-03
608,Rufe,Heggs,rheggsgv@google.it,Male,2017-08-27
609,Lydia,Cicccitti,lcicccittigw@washingtonpost.com,Female,2017-10-14
610,Joyous,Littley,jlittleygx@dropbox.com,Female,2017-08-30
611,Katinka,Jago,kjagogy@booking.com,Female,2018-02-21
612,Brendan,Anchor,banchorgz@joomla.org,Male,2017-06-06
613,Gauthier,Labro,glabroh0@wunderground.com,Male,2018-01-18
614,Johnathon,Josifovic,jjosifovich1@geocities.com,Male,2017-09-28
615,Cesare,Jeff,cjeffh2@hugedomains.com,Male,2017-11-26
616,Zachary,Heaford,zheafordh3@linkedin.com,Male,2018-03-02
617,Vidovic,Jaskowicz,vjaskowiczh4@si.edu,Male,2017-11-29
618,Berget,Kamiyama,bkamiyamah5@stanford.edu,Female,2017-11-26
619,Ophelie,Hansell,ohansellh6@google.cn,Female,2017-12-01
620,Domingo,Abatelli,dabatellih7@unblog.fr,Male,2017-12-14
621,Hollie,Masic,hmasich8@is.gd,Female,2018-01-23
622,Johann,Mitcheson,jmitchesonh9@redcross.org,Male,2017-05-13
623,Bridie,Cran,bcranha@google.cn,Female,2017-07-29
624,Alvis,McNelly,amcnellyhb@bizjournals.com,Male,2017-11-13
625,Gard,Poynzer,gpoynzerhc@networksolutions.com,Male,2018-02-01
626,Loralee,Teece,lteecehd@illinois.edu,Female,2018-03-18
627,Ferdinande,Alexsandrev,falexsandrevhe@berkeley.edu,Female,2018-03-18
628,Northrop,Tanby,ntanbyhf@opera.com,Male,2018-02-22
629,Duncan,Bertenshaw,dbertenshawhg@ifeng.com,Male,2017-11-29
630,Abbie,Agglione,aagglionehh@jigsy.com,Female,2017-12-21
631,Howie,Atrill,hatrillhi@marriott.com,Male,2017-04-21
632,Wallace,Boriston,wboristonhj@behance.net,Male,2018-02-03
633,Hermia,Brownett,hbrownetthk@quantcast.com,Female,2017-05-02
634,Yorgo,Barnfield,ybarnfieldhl@theguardian.com,Male,2017-06-26
635,Yehudi,Pane,ypanehm@woothemes.com,Male,2017-05-05
636,Hildagarde,Everex,heverexhn@imdb.com,Female,2018-01-04
637,Petronia,Klimshuk,pklimshukho@amazon.co.uk,Female,2017-08-12
638,Bern,Greyes,bgreyeshp@eepurl.com,Male,2018-03-02
639,Solomon,Gibbons,sgibbonshq@timesonline.co.uk,Male,2017-05-16
640,Brok,Marcoolyn,bmarcoolynhr@scientificamerican.com,Male,2017-06-21
641,Wayne,Seemmonds,wseemmondshs@xinhuanet.com,Male,2018-01-24
642,Milissent,Dicey,mdiceyht@oaic.gov.au,Female,2017-06-26
643,Ber,Gartery,bgarteryhu@webeden.co.uk,Male,2017-07-15
644,Killian,Burchatt,kburchatthv@ted.com,Male,2017-04-08
645,Papageno,Gerrelts,pgerreltshw@youtu.be,Male,2017-05-08
646,Nomi,Mannering,nmanneringhx@plala.or.jp,Female,2017-05-03
647,Arlen,Andrieu,aandrieuhy@yandex.ru,Male,2017-12-02
648,Sherlocke,Doniso,sdonisohz@rambler.ru,Male,2017-10-22
649,Sapphire,Virr,svirri0@forbes.com,Female,2017-11-18
650,Evan,Will,ewilli1@github.com,Male,2017-04-08
651,Shane,Firpo,sfirpoi2@cpanel.net,Female,2017-11-02
652,Honey,Dunbar,hdunbari3@lycos.com,Female,2018-02-15
653,Pauly,Minty,pmintyi4@nhs.uk,Male,2017-06-20
654,Woodie,Duddle,wduddlei5@google.com.br,Male,2018-01-27
655,Wendi,Stacey,wstaceyi6@altervista.org,Female,2017-09-26
656,Dorella,Smales,dsmalesi7@simplemachines.org,Female,2017-06-23
657,Jacquelin,Bartram,jbartrami8@dyndns.org,Female,2017-03-31
658,Aristotle,McVicker,amcvickeri9@miibeian.gov.cn,Male,2017-10-13
659,Stacia,Baseley,sbaseleyia@clickbank.net,Female,2018-02-20
660,Gilberto,Gantz,ggantzib@yahoo.co.jp,Male,2017-05-29
661,Koenraad,Glavias,kglaviasic@google.pl,Male,2017-06-22
662,Maxwell,Piercy,mpiercyid@purevolume.com,Male,2017-08-26
663,Kiel,Avrahamov,kavrahamovie@nyu.edu,Male,2017-08-31
664,Lonnie,Foulser,lfoulserif@t.co,Male,2017-06-26
665,Calida,Aggas,caggasig@time.com,Female,2017-07-05
666,Kristina,Eller,kellerih@un.org,Female,2017-04-12
667,Blaine,Simmers,bsimmersii@hexun.com,Male,2017-10-07
668,Gussy,Peepall,gpeepallij@netvibes.com,Female,2017-06-12
669,Seward,Stotherfield,sstotherfieldik@liveinternet.ru,Male,2017-04-30
670,Micheil,Dashkovich,mdashkovichil@icio.us,Male,2018-01-12
671,Bobbette,Fursland,bfurslandim@java.com,Female,2017-11-01
672,Patrizius,Forsaith,pforsaithin@weibo.com,Male,2018-02-26
673,Natty,Barbier,nbarbierio@dailymotion.com,Female,2018-01-05
674,Walt,Roger,wrogerip@fc2.com,Male,2017-11-19
675,Archibald,Tyson,atysoniq@dion.ne.jp,Male,2017-05-20
676,Gregoire,Welband,gwelbandir@naver.com,Male,2017-08-16
677,Mendy,Dunkerly,mdunkerlyis@dailymail.co.uk,Male,2018-01-21
678,Mandie,Malins,mmalinsit@msu.edu,Female,2018-01-17
679,Frederick,McGreal,fmcgrealiu@altervista.org,Male,2018-03-04
680,Barbara-anne,Parkeson,bparkesoniv@independent.co.uk,Female,2018-03-03
681,Koressa,Epton,keptoniw@oakley.com,Female,2017-12-03
682,Renault,Gorusso,rgorussoix@spiegel.de,Male,2017-09-17
683,Steward,Ralling,srallingiy@squidoo.com,Male,2017-08-11
684,Jamie,Rymer,jrymeriz@wiley.com,Female,2017-10-15
685,Emmy,Philcox,ephilcoxj0@marketwatch.com,Male,2017-08-02
686,Sianna,Topp,stoppj1@google.pl,Female,2017-03-26
687,Sutherland,Burg,sburgj2@symantec.com,Male,2017-08-26
688,George,Summerrell,gsummerrellj3@noaa.gov,Male,2018-02-12
689,Gregg,Coe,gcoej4@gravatar.com,Male,2017-10-14
690,Anjanette,Shuard,ashuardj5@zimbio.com,Female,2017-10-01
691,Abbi,Wabb,awabbj6@edublogs.org,Female,2017-08-18
692,Jeddy,Spring,jspringj7@bravesites.com,Male,2017-08-09
693,Florie,Lowrey,flowreyj8@slashdot.org,Female,2017-07-20
694,Bern,Manuello,bmanuelloj9@spotify.com,Male,2017-06-21
695,Cecelia,Kornalik,ckornalikja@exblog.jp,Female,2017-05-29
696,Berti,Koche,bkochejb@bizjournals.com,Female,2017-10-24
697,Bettine,McGurk,bmcgurkjc@nasa.gov,Female,2017-07-07
698,Vaclav,Palumbo,vpalumbojd@flickr.com,Male,2017-08-12
699,Cacilie,Canada,ccanadaje@wisc.edu,Female,2018-03-15
700,Carce,Cappleman,ccapplemanjf@technorati.com,Male,2017-10-27
701,Kirsti,Knuckles,kknucklesjg@narod.ru,Female,2017-04-26
702,Garvy,Stallibrass,gstallibrassjh@wikimedia.org,Male,2017-04-19
703,Carver,Jerke,cjerkeji@xing.com,Male,2018-02-26
704,Colas,Meadmore,cmeadmorejj@pagesperso-orange.fr,Male,2018-02-01
705,Pepi,Flowitt,pflowittjk@businessinsider.com,Female,2017-12-28
706,Tremain,Symon,tsymonjl@npr.org,Male,2017-06-05
707,Andeee,Barchrameev,abarchrameevjm@histats.com,Female,2017-07-10
708,Norene,Heinish,nheinishjn@springer.com,Female,2017-03-23
709,Perry,Chetwynd,pchetwyndjo@nasa.gov,Male,2017-11-04
710,Wally,Crawford,wcrawfordjp@unblog.fr,Female,2018-01-27
711,Bernice,Grimston,bgrimstonjq@wikipedia.org,Female,2017-10-03
712,Petey,Crowley,pcrowleyjr@aboutads.info,Male,2017-11-01
713,Gilbertina,McAless,gmcalessjs@craigslist.org,Female,2017-09-21
714,Rutherford,Fucher,rfucherjt@51.la,Male,2018-02-02
715,Erna,Favela,efavelaju@ow.ly,Female,2018-02-09
716,Artemis,Sisnett,asisnettjv@freewebs.com,Male,2017-05-09
717,Trever,Brummitt,tbrummittjw@istockphoto.com,Male,2017-11-13
718,Eirena,Dunstone,edunstonejx@disqus.com,Female,2017-08-29
719,Lory,Koch,lkochjy@live.com,Female,2017-11-06
720,Blinni,Luchelli,bluchellijz@hhs.gov,Female,2017-06-20
721,Neile,Fitzroy,nfitzroyk0@cafepress.com,Female,2017-10-27
722,Ahmad,Sultan,asultank1@reddit.com,Male,2018-01-17
723,Modestia,Eary,mearyk2@netvibes.com,Female,2018-03-17
724,Gene,Marcone,gmarconek3@unicef.org,Male,2017-06-23
725,Marina,Simunek,msimunekk4@networksolutions.com,Female,2017-10-29
726,Adriane,Minchinton,aminchintonk5@addthis.com,Female,2017-10-23
727,Scarface,Fitkin,sfitkink6@harvard.edu,Male,2018-01-05
728,Laurence,Adamczewski,ladamczewskik7@disqus.com,Male,2018-01-08
729,Alfredo,Izkovici,aizkovicik8@ucoz.com,Male,2017-04-20
730,Teri,Dionisetti,tdionisettik9@moonfruit.com,Female,2018-02-05
731,Isaiah,Steptowe,isteptoweka@wikimedia.org,Male,2017-11-12
732,Xever,Burdekin,xburdekinkb@goo.ne.jp,Male,2017-06-13
733,Kienan,Brownlow,kbrownlowkc@tuttocitta.it,Male,2017-10-08
734,Mathias,Tarpey,mtarpeykd@cyberchimps.com,Male,2017-12-12
735,Audi,Lovstrom,alovstromke@cbc.ca,Female,2017-05-22
736,Meghan,Peasby,mpeasbykf@freewebs.com,Female,2017-07-08
737,Kat,Valerio,kvaleriokg@oakley.com,Female,2017-04-04
738,Demetre,Azam,dazamkh@ovh.net,Male,2017-12-24
739,Wakefield,Laurenzi,wlaurenziki@51.la,Male,2017-06-26
740,Lee,Markwell,lmarkwellkj@berkeley.edu,Male,2017-05-16
741,Andrea,Harcombe,aharcombekk@jugem.jp,Male,2018-01-21
742,Derron,Beaven,dbeavenkl@arstechnica.com,Male,2017-09-30
743,Austin,Dilleston,adillestonkm@smugmug.com,Male,2017-12-11
744,Chrysler,Ruit,cruitkn@hostgator.com,Female,2017-06-30
745,Lilas,Finby,lfinbyko@cocolog-nifty.com,Female,2018-02-07
746,Kaila,Ferries,kferrieskp@un.org,Female,2017-12-22
747,Cass,Whitter,cwhitterkq@livejournal.com,Female,2017-07-03
748,Benedetta,Feaviour,bfeaviourkr@shinystat.com,Female,2017-05-01
749,Arman,Millward,amillwardks@chron.com,Male,2018-01-22
750,Robenia,Santorini,rsantorinikt@ucoz.com,Female,2017-09-29
751,Cathe,Yeaman,cyeamanku@netlog.com,Female,2018-01-01
752,Jackquelin,Peploe,jpeploekv@deliciousdays.com,Female,2018-01-13
753,Erica,Di Biasi,edibiasikw@1688.com,Female,2017-05-23
754,Charisse,Schurig,cschurigkx@icio.us,Female,2017-05-19
755,Juan,Quartermaine,jquartermaineky@lulu.com,Male,2017-12-09
756,Ginny,Reuven,greuvenkz@uol.com.br,Female,2017-08-05
757,Modestine,Harriday,mharridayl0@psu.edu,Female,2017-11-27
758,Davin,Dashwood,ddashwoodl1@webnode.com,Male,2017-05-31
759,Rickie,Thickpenny,rthickpennyl2@ycombinator.com,Male,2017-08-31
760,Kin,Forson,kforsonl3@sfgate.com,Male,2017-03-23
761,Leese,Burtwistle,lburtwistlel4@domainmarket.com,Female,2017-04-18
762,Peterus,Goering,pgoeringl5@mac.com,Male,2017-07-27
763,Jennifer,Golsby,jgolsbyl6@odnoklassniki.ru,Female,2017-04-17
764,Sheff,Kerkham,skerkhaml7@vimeo.com,Male,2017-04-03
765,Helene,Loxston,hloxstonl8@upenn.edu,Female,2017-10-05
766,Darda,Depper,ddepperl9@cbc.ca,Female,2017-04-06
767,Rutter,Fannin,rfanninla@webs.com,Male,2017-05-16
768,Rollie,Stealfox,rstealfoxlb@diigo.com,Male,2017-12-21
769,Desiree,Caccavella,dcaccavellalc@feedburner.com,Female,2017-05-07
770,Gaylord,Langelaan,glangelaanld@google.pl,Male,2018-03-17
771,Alic,Batchan,abatchanle@wisc.edu,Male,2017-04-27
772,Ashlin,Croux,acrouxlf@eepurl.com,Male,2017-04-11
773,Kellen,De Mars,kdemarslg@ted.com,Female,2017-11-26
774,Shaylah,Braney,sbraneylh@flavors.me,Female,2017-05-22
775,Elinor,Amoss,eamossli@wsj.com,Female,2017-07-17
776,Neil,Benzies,nbenzieslj@topsy.com,Male,2017-05-02
777,Artus,O'Coskerry,aocoskerrylk@sitemeter.com,Male,2017-07-25
778,Codie,Foister,cfoisterll@imdb.com,Female,2017-10-14
779,Fifine,Massot,fmassotlm@eventbrite.com,Female,2017-03-29
780,Umberto,Tabart,utabartln@google.es,Male,2017-11-08
781,Austen,Twort,atwortlo@sitemeter.com,Male,2017-07-15
782,Shane,McKeady,smckeadylp@myspace.com,Male,2017-10-16
783,Rosy,Mashro,rmashrolq@constantcontact.com,Female,2017-05-13
784,Ellene,Duesberry,eduesberrylr@noaa.gov,Female,2018-02-28
785,Lianne,Bunhill,lbunhillls@artisteer.com,Female,2018-02-03
786,Joye,Kaas,jkaaslt@nytimes.com,Female,2017-06-17
787,Trever,Smalcombe,tsmalcombelu@topsy.com,Male,2017-11-06
788,Berk,Carlton,bcarltonlv@gmpg.org,Male,2017-04-03
789,Alexandre,Roberts,arobertslw@arstechnica.com,Male,2018-01-10
790,Dicky,Tineman,dtinemanlx@imdb.com,Male,2017-05-10
791,Carlos,Please,cpleasely@go.com,Male,2018-02-19
792,Keri,Osgood,kosgoodlz@bigcartel.com,Female,2017-10-28
793,Heywood,O'Scannill,hoscannillm0@google.es,Male,2017-06-07
794,Ashely,Meynell,ameynellm1@nasa.gov,Female,2017-10-19
795,Sapphira,Mackinder,smackinderm2@home.pl,Female,2018-01-28
796,Amerigo,Vondra,avondram3@dion.ne.jp,Male,2017-03-23
797,Corny,Breadmore,cbreadmorem4@walmart.com,Female,2017-09-11
798,Harley,Gillies,hgilliesm5@simplemachines.org,Male,2018-01-16
799,Jonie,Ateridge,jateridgem6@hp.com,Female,2017-11-26
800,Elliot,Tomblett,etomblettm7@ow.ly,Male,2017-07-13
801,Karylin,Eskrigg,keskriggm8@opensource.org,Female,2017-04-15
802,Mayor,Quinby,mquinbym9@usgs.gov,Male,2017-09-13
803,Sharia,Izzat,sizzatma@sina.com.cn,Female,2018-03-20
804,Cly,Cowope,ccowopemb@fema.gov,Male,2017-07-20
805,Peg,Clancey,pclanceymc@washington.edu,Female,2017-11-21
806,Obie,Anfusso,oanfussomd@nbcnews.com,Male,2018-02-21
807,Marcellus,Gulliman,mgullimanme@xrea.com,Male,2017-10-24
808,Duncan,Fenney,dfenneymf@parallels.com,Male,2017-09-15
809,Cristy,Cloake,ccloakemg@unc.edu,Female,2017-08-23
810,Sherie,Friend,sfriendmh@jiathis.com,Female,2018-02-20
811,Lorne,Feldstein,lfeldsteinmi@ft.com,Female,2017-05-03
812,Janean,Watson,jwatsonmj@springer.com,Female,2017-09-27
813,Rhys,Denizet,rdenizetmk@oaic.gov.au,Male,2017-09-12
814,Thia,Just,tjustml@reference.com,Female,2018-03-05
815,Stewart,Fleischmann,sfleischmannmm@independent.co.uk,Male,2017-11-17
816,Donal,Cudworth,dcudworthmn@liveinternet.ru,Male,2017-12-04
817,Olin,Oleszcuk,ooleszcukmo@theglobeandmail.com,Male,2017-09-18
818,Sonja,Quainton,squaintonmp@dropbox.com,Female,2017-11-09
819,Shirley,Wyley,swyleymq@gizmodo.com,Female,2017-07-05
820,Elinore,Gatty,egattymr@chicagotribune.com,Female,2017-10-27
821,Engracia,Bedham,ebedhamms@foxnews.com,Female,2017-06-12
822,Frederik,Marquese,fmarquesemt@about.me,Male,2018-02-19
823,Karlis,Courson,kcoursonmu@japanpost.jp,Male,2018-01-17
824,Rozelle,Lefort,rlefortmv@flickr.com,Female,2018-01-27
825,Karin,Klambt,kklambtmw@google.es,Female,2017-09-17
826,Lizzie,Bigrigg,lbigriggmx@amazonaws.com,Female,2018-01-03
827,Elton,Salvage,esalvagemy@blogspot.com,Male,2017-09-07
828,Maudie,Lougheid,mlougheidmz@washingtonpost.com,Female,2017-12-26
829,Koo,Antonutti,kantonuttin0@biglobe.ne.jp,Female,2017-08-04
830,Luce,Cusack,lcusackn1@taobao.com,Male,2017-12-16
831,Rory,Terram,rterramn2@ebay.com,Male,2017-10-06
832,Cortie,Jilkes,cjilkesn3@google.es,Male,2017-11-23
833,Jermaine,Gillmore,jgillmoren4@spotify.com,Male,2017-05-06
834,Merrel,Barthram,mbarthramn5@domainmarket.com,Male,2017-08-31
835,Ange,Larciere,alarcieren6@google.co.jp,Male,2017-03-31
836,Harmonia,Jeffery,hjefferyn7@princeton.edu,Female,2017-08-19
837,Kimberlee,Kirstein,kkirsteinn8@wufoo.com,Female,2017-09-26
838,Ruth,Pippin,rpippinn9@wikispaces.com,Female,2017-03-26
839,Maxim,Kelsey,mkelseyna@google.ca,Male,2018-01-23
840,Shari,Jordon,sjordonnb@ox.ac.uk,Female,2018-01-09
841,Cam,Shalcras,cshalcrasnc@house.gov,Male,2017-04-13
842,Winny,Gotliffe,wgotliffend@github.com,Male,2018-02-14
843,Jamey,Yewman,jyewmanne@imdb.com,Male,2017-11-15
844,Edin,Issakov,eissakovnf@sohu.com,Female,2017-06-07
845,Wilfrid,Blaszkiewicz,wblaszkiewiczng@de.vu,Male,2018-02-19
846,Allyson,Kemshell,akemshellnh@friendfeed.com,Female,2017-11-13
847,Elsa,Laible,elaibleni@shinystat.com,Female,2018-02-14
848,Emilio,Gantley,egantleynj@g.co,Male,2017-10-04
849,Fidelity,O'Brien,fobriennk@goo.ne.jp,Female,2017-11-21
850,Phineas,Scardafield,pscardafieldnl@reference.com,Male,2017-11-06
851,Petronia,Itzakovitz,pitzakovitznm@weebly.com,Female,2017-12-23
852,Chiquita,O'Sherin,cosherinnn@bluehost.com,Female,2017-10-15
853,Erasmus,Guerner,eguernerno@yandex.ru,Male,2017-09-11
854,Hebert,Drayton,hdraytonnp@imdb.com,Male,2017-07-19
855,Pauly,Truswell,ptruswellnq@gnu.org,Male,2017-12-23
856,Eric,Gaynor,egaynornr@hp.com,Male,2017-10-06
857,Davida,Mosco,dmoscons@toplist.cz,Female,2017-11-27
858,Sigfried,Tiller,stillernt@360.cn,Male,2017-05-05
859,Veronica,Jacklings,vjacklingsnu@infoseek.co.jp,Female,2017-08-24
860,Jonis,Gilfillan,jgilfillannv@telegraph.co.uk,Female,2017-10-19
861,Ashlan,Mosedill,amosedillnw@posterous.com,Female,2017-07-23
862,Devlen,Braben,dbrabennx@twitpic.com,Male,2018-01-16
863,Ephrem,Lees,eleesny@usgs.gov,Male,2017-04-21
864,Misti,Bendall,mbendallnz@domainmarket.com,Female,2017-06-02
865,Torrence,Abraham,tabrahamo0@macromedia.com,Male,2017-09-16
866,Inger,Wagge,iwaggeo1@intel.com,Male,2018-01-04
867,Yvon,Mulligan,ymulligano2@wikipedia.org,Male,2018-01-17
868,Kristian,Rielly,kriellyo3@nyu.edu,Male,2017-05-21
869,Nevins,Avramovich,navramovicho4@ebay.co.uk,Male,2017-04-18
870,John,Aldcorne,jaldcorneo5@joomla.org,Male,2018-02-11
871,Theodosia,Peete,tpeeteo6@independent.co.uk,Female,2017-11-29
872,Berton,Thirlaway,bthirlawayo7@123-reg.co.uk,Male,2018-03-12
873,Jeramey,Pallant,jpallanto8@dropbox.com,Male,2017-12-11
874,Casey,Hallick,challicko9@virginia.edu,Female,2017-06-27
875,Farlee,Corn,fcornoa@hubpages.com,Male,2018-01-26
876,Moria,Caddy,mcaddyob@shop-pro.jp,Female,2017-10-08
877,Dorolice,McKeon,dmckeonoc@dropbox.com,Female,2018-03-01
878,Kally,Kleis,kkleisod@wikispaces.com,Female,2017-05-25
879,Galen,Haslen,ghaslenoe@home.pl,Male,2017-11-07
880,Dagmar,Devers,ddeversof@indiatimes.com,Female,2017-06-14
881,Sergeant,Sawkin,ssawkinog@phoca.cz,Male,2017-07-28
882,Pryce,Garnall,pgarnalloh@mtv.com,Male,2018-02-05
883,Deerdre,O' Dornan,dodornanoi@globo.com,Female,2017-06-05
884,Valerie,Sagg,vsaggoj@sina.com.cn,Female,2018-02-10
885,Eryn,Meachen,emeachenok@archive.org,Female,2017-09-06
886,Eamon,Burnsides,eburnsidesol@bandcamp.com,Male,2017-06-21
887,Brad,Barratt,bbarrattom@biblegateway.com,Male,2017-12-22
888,Marlon,Deroche,mderocheon@psu.edu,Male,2017-04-19
889,Genny,Thraves,gthravesoo@flickr.com,Female,2017-10-31
890,Isaac,Casserly,icasserlyop@illinois.edu,Male,2017-09-16
891,Illa,Whereat,iwhereatoq@trellian.com,Female,2017-07-15
892,Dilly,de la Tremoille,ddelatremoilleor@bigcartel.com,Male,2017-06-16
893,Edeline,Galtone,egaltoneos@epa.gov,Female,2017-06-30
894,Minne,Lembcke,mlembckeot@wordpress.org,Female,2017-05-18
895,Graham,Mellanby,gmellanbyou@bigcartel.com,Male,2017-09-27
896,Leoine,Rulf,lrulfov@mapquest.com,Female,2017-03-26
897,Blakeley,Nortunen,bnortunenow@ifeng.com,Female,2017-07-30
898,Kippar,Grigoire,kgrigoireox@imdb.com,Male,2017-06-04
899,Ilyssa,Cicco,iciccooy@wufoo.com,Female,2017-08-04
900,Merna,Moxstead,mmoxsteadoz@twitpic.com,Female,2018-02-07
901,Cello,Blacker,cblackerp0@columbia.edu,Male,2017-11-14
902,Lexi,Jesty,ljestyp1@freewebs.com,Female,2017-11-30
903,Denise,Eglese,deglesep2@google.cn,Female,2017-12-03
904,Salem,Simester,ssimesterp3@liveinternet.ru,Male,2017-10-04
905,Corby,Wigelsworth,cwigelsworthp4@dropbox.com,Male,2017-06-15
906,Genvieve,Dainter,gdainterp5@blogs.com,Female,2018-01-13
907,Ferd,Stokey,fstokeyp6@linkedin.com,Male,2017-06-12
908,Ronny,Peterffy,rpeterffyp7@ftc.gov,Male,2018-02-16
909,Gerhardt,Novill,gnovillp8@merriam-webster.com,Male,2017-04-03
910,Shurlock,Tallyn,stallynp9@ibm.com,Male,2017-10-25
911,Andy,Braunes,abraunespa@huffingtonpost.com,Male,2017-07-07
912,Loralie,Taylo,ltaylopb@fotki.com,Female,2017-12-30
913,Sydney,McIllrick,smcillrickpc@biblegateway.com,Female,2017-06-20
914,Johnny,Petrichat,jpetrichatpd@godaddy.com,Male,2017-09-07
915,Manolo,Coulthard,mcoulthardpe@adobe.com,Male,2017-04-10
916,Odey,Lamke,olamkepf@loc.gov,Male,2017-04-22
917,Walther,Gallard,wgallardpg@jigsy.com,Male,2017-03-27
918,Leanna,Lindmark,llindmarkph@weebly.com,Female,2017-08-20
919,Carver,Colthard,ccolthardpi@bing.com,Male,2017-08-12
920,Kayla,Hughf,khughfpj@multiply.com,Female,2017-10-23
921,Friederike,Collyear,fcollyearpk@imgur.com,Female,2017-04-01
922,Gerhard,Aguilar,gaguilarpl@latimes.com,Male,2017-04-29
923,Othelia,Sever,oseverpm@ted.com,Female,2018-02-23
924,Hyacinthia,Fearnall,hfearnallpn@instagram.com,Female,2017-04-09
925,Duane,Priestman,dpriestmanpo@patch.com,Male,2018-01-26
926,Leanor,Cossar,lcossarpp@youtube.com,Female,2017-11-21
927,Annalise,Goodley,agoodleypq@cdc.gov,Female,2018-02-25
928,Norbert,Wormald,nwormaldpr@desdev.cn,Male,2017-08-13
929,Myranda,Stothart,mstothartps@elegantthemes.com,Female,2017-04-17
930,Linet,Elsby,lelsbypt@facebook.com,Female,2017-08-06
931,Stefanie,Kilmurry,skilmurrypu@nationalgeographic.com,Female,2017-04-19
932,Clevie,Boucher,cboucherpv@pagesperso-orange.fr,Male,2017-08-04
933,Lorna,Simpkins,lsimpkinspw@networksolutions.com,Female,2017-06-29
934,Dennison,Hadwick,dhadwickpx@dailymotion.com,Male,2017-10-28
935,Ugo,Southwell,usouthwellpy@plala.or.jp,Male,2018-03-11
936,Felic,MacGuffie,fmacguffiepz@nbcnews.com,Male,2017-05-15
937,Winnie,Hairyes,whairyesq0@wikipedia.org,Female,2017-04-26
938,Conny,Stores,cstoresq1@yandex.ru,Female,2018-01-23
939,Annabel,Blasi,ablasiq2@zimbio.com,Female,2017-04-15
940,Rodie,Serjeant,rserjeantq3@uiuc.edu,Female,2017-10-22
941,Sanford,Bottinelli,sbottinelliq4@naver.com,Male,2018-02-11
942,Benn,Kemmons,bkemmonsq5@youtube.com,Male,2018-01-12
943,Shermy,Annwyl,sannwylq6@51.la,Male,2017-09-15
944,Kassi,Khomishin,kkhomishinq7@bbb.org,Female,2017-08-17
945,Gillan,Allsup,gallsupq8@parallels.com,Female,2017-11-13
946,Loralyn,Housley,lhousleyq9@hc360.com,Female,2018-01-21
947,Alleyn,Chivers,achiversqa@pcworld.com,Male,2017-07-08
948,Pauli,Linney,plinneyqb@google.ru,Female,2017-10-08
949,Neal,Karim,nkarimqc@msn.com,Male,2017-10-13
950,Sheelagh,Stive,sstiveqd@amazon.com,Female,2018-02-21
951,Joelle,Pitceathly,jpitceathlyqe@about.com,Female,2017-10-23
952,Stanwood,Merrien,smerrienqf@vimeo.com,Male,2017-07-24
953,Krissy,Baddoe,kbaddoeqg@360.cn,Female,2017-10-06
954,Abby,Pheazey,apheazeyqh@reddit.com,Male,2018-02-27
955,Foster,Heinecke,fheineckeqi@yahoo.com,Male,2017-11-09
956,Angela,Thorndycraft,athorndycraftqj@newyorker.com,Female,2017-07-07
957,Frederick,Campione,fcampioneqk@typepad.com,Male,2017-05-13
958,Nalani,Kalderon,nkalderonql@indiegogo.com,Female,2018-02-14
959,Jaymie,Ivanchov,jivanchovqm@smugmug.com,Male,2017-12-04
960,Clay,Baldacchi,cbaldacchiqn@baidu.com,Male,2017-07-21
961,Helene,Tregunna,htregunnaqo@youtube.com,Female,2017-06-04
962,Ashlen,Graddell,agraddellqp@aol.com,Female,2017-03-29
963,Cari,Ayree,cayreeqq@php.net,Female,2018-01-15
964,Jacenta,Krier,jkrierqr@indiegogo.com,Female,2017-08-21
965,Olivette,Blofield,oblofieldqs@google.pl,Female,2017-04-02
966,Tannie,Dockray,tdockrayqt@infoseek.co.jp,Male,2017-06-12
967,Jacinda,Tatters,jtattersqu@deliciousdays.com,Female,2018-02-21
968,Morley,Davydochkin,mdavydochkinqv@hc360.com,Male,2018-02-24
969,Billye,Lillecrap,blillecrapqw@boston.com,Female,2017-06-10
970,Andrea,Horsefield,ahorsefieldqx@netscape.com,Male,2017-10-29
971,Dore,Chilley,dchilleyqy@businessinsider.com,Male,2018-01-24
972,Bartie,Canadas,bcanadasqz@live.com,Male,2017-10-02
973,Korrie,Burgyn,kburgynr0@wiley.com,Female,2017-06-24
974,Hilary,Hepher,hhepherr1@webmd.com,Male,2018-03-11
975,Wallas,Killshaw,wkillshawr2@washingtonpost.com,Male,2017-08-08
976,Holli,Panther,hpantherr3@4shared.com,Female,2017-09-04
977,Nye,Chesshire,nchesshirer4@wisc.edu,Male,2017-05-03
978,Nicola,Renfree,nrenfreer5@domainmarket.com,Male,2017-11-07
979,Horace,Schindler,hschindlerr6@networkadvertising.org,Male,2018-01-10
980,Bobby,Cordeix,bcordeixr7@wikia.com,Male,2017-11-04
981,Brandie,Barrar,bbarrarr8@gmpg.org,Female,2017-03-25
982,Caty,Reisenstein,creisensteinr9@usda.gov,Female,2018-01-24
983,Ferdinande,Pynner,fpynnerra@naver.com,Female,2018-03-21
984,Alex,Baudassi,abaudassirb@mediafire.com,Female,2017-08-20
985,Jourdain,Marke,jmarkerc@answers.com,Male,2018-01-08
986,Rae,Whittington,rwhittingtonrd@hexun.com,Female,2017-07-31
987,Merline,Longbothom,mlongbothomre@admin.ch,Female,2017-07-19
988,Salvatore,Larret,slarretrf@t-online.de,Male,2018-02-09
989,Arlan,Elgram,aelgramrg@paypal.com,Male,2018-02-16
990,Brewster,Golder,bgolderrh@jugem.jp,Male,2017-10-23
991,Gradey,Cejka,gcejkari@yale.edu,Male,2017-09-14
992,Ethan,Lambirth,elambirthrj@cafepress.com,Male,2017-10-24
993,Louie,Gosland,lgoslandrk@arizona.edu,Male,2017-09-27
994,Rufus,Bims,rbimsrl@msu.edu,Male,2017-05-01
995,Ramon,Cosens,rcosensrm@fema.gov,Male,2017-11-17
996,Kaja,Shrubb,kshrubbrn@apache.org,Female,2017-12-25
997,Chandra,Charkham,ccharkhamro@tripadvisor.com,Female,2017-07-16
998,Leopold,Ende,lenderp@phpbb.com,Male,2017-09-30
999,Rubetta,Forestel,rforestelrq@over-blog.com,Female,2017-04-20
1000,Alex,Luthwood,aluthwoodrr@adobe.com,Female,2017-12-14
